pH,TDS,Turbidity,Temperature,Category
6.81,292.21,79.26,31.25,Cooking
8.83,293.05,90.79,14.91,Cooking
8.06,103.17,94.37,13.14,Cooking
7.6,1117.78,96.01,34.09,Cooking
6.05,1012.52,52.15,12.7,Cooking
6.05,738.21,97.73,21.96,Cooking
5.7,1274.05,75.73,24.64,Cooking
8.53,1218.22,16.17,23.53,Aquaculture
7.6,898.76,47.69,12.15,Agriculture
7.98,1308.99,71.83,11.43,Cooking
5.57,348.47,24.73,12.64,Agriculture
8.89,212.28,64.06,24.64,Cooking
8.41,441.14,66.66,23.61,Cooking
6.24,132.78,16.27,15.84,Agriculture
6.14,820.2,56.51,25.94,Cooking
6.14,1408.08,77.16,30.5,Cooking
6.56,107.05,49.89,11.04,Agriculture
7.34,227.06,1.21,22.45,Drinking
7.01,705.69,0.9,27.23,Agriculture
6.52,1404.12,35.7,16.31,Cooking
7.64,508.43,92.62,17.69,Cooking
5.99,785.49,22.87,25.34,Agriculture
6.52,110.28,63.44,32.45,Cooking
6.78,265.1,22.21,30.25,Agriculture
7.1,1480.61,32.17,24.58,Cooking
8.25,1449.42,84.8,28.26,Cooking
6.2,57.16,72.89,19.12,Cooking
7.3,1430.13,9.54,26.02,Aquaculture
7.57,976.72,42.87,21.65,Agriculture
5.66,1308.48,2.92,14.75,Cooking
7.63,709.37,48.09,27.54,Agriculture
6.1,797.61,66.24,23.91,Cooking
5.73,758.83,11.85,18.97,Agriculture
8.82,1016.95,28.89,32.78,Aquaculture
8.88,252.49,39.78,10.52,Agriculture
8.33,93.46,91.95,17.89,Cooking
6.57,496.5,99.33,11.42,Cooking
5.84,1071.79,4.49,29.16,Cooking
7.89,342.69,76.1,27.55,Cooking
7.04,1026.48,37.17,18.28,Cooking
5.93,1456.37,39.25,26.89,Cooking
7.23,186.16,75.43,19.9,Cooking
5.62,1025.27,91.84,28.91,Cooking
8.68,693.44,95.09,21.35,Cooking
6.41,1308.81,57.71,20.31,Cooking
7.82,306.87,35.71,33.37,Agriculture
6.59,1054.31,78.75,16.27,Cooking
7.32,1265.27,25.1,13.01,Aquaculture
7.41,1419.69,56.41,24.61,Cooking
6.15,1040.71,35.86,34.23,Cooking
8.89,770.9,65.66,19.45,Cooking
8.21,945.88,24.04,11.55,Agriculture
8.79,1309.91,19.16,18.48,Aquaculture
8.63,877.38,91.82,22.65,Cooking
7.59,94.06,10.18,14.05,Agriculture
8.73,1399.88,50.6,26.45,Cooking
5.81,1049.81,22.09,34.94,Cooking
6.19,1030.94,3.89,21.29,Aquaculture
5.66,362.73,3.6,18.87,Agriculture
6.64,1005.38,17.52,20.02,Aquaculture
6.86,621.1,86.68,12.88,Cooking
6.45,994.29,28.25,32.08,Agriculture
8.4,204.56,95.05,20.37,Cooking
6.75,1003.88,58.16,19.68,Cooking
6.48,1499.15,43.66,26.49,Cooking
7.4,119.91,58.01,21.05,Cooking
5.99,1466.9,51.67,26.21,Cooking
8.31,640.02,75.88,11.54,Cooking
5.76,1312.59,28.25,30.34,Cooking
8.95,1184.46,35.31,33.51,Cooking
8.2,872.17,89.41,26.22,Cooking
6.2,1120.75,94.65,33.86,Cooking
5.52,1323.85,89.26,13.79,Cooking
8.35,636.0,41.94,21.94,Agriculture
7.97,524.2,78.04,25.05,Cooking
8.05,1018.01,47.63,24.54,Cooking
8.2,1221.38,49.75,20.04,Cooking
5.76,1155.31,20.47,18.45,Cooking
6.75,1206.83,59.11,13.17,Cooking
5.91,681.6,18.61,19.79,Agriculture
8.52,1235.86,33.16,14.07,Cooking
7.68,224.3,85.5,28.36,Cooking
6.66,839.51,20.71,15.22,Agriculture
5.72,58.35,7.12,11.46,Agriculture
6.59,520.65,6.9,23.81,Agriculture
6.64,581.37,94.08,24.88,Cooking
8.05,624.45,50.69,31.8,Cooking
7.73,1058.43,40.94,24.42,Cooking
8.61,613.41,81.09,18.64,Cooking
7.15,700.61,83.58,30.08,Cooking
5.92,394.44,33.22,23.51,Agriculture
8.0,591.22,69.36,11.98,Cooking
8.16,379.54,77.11,24.15,Cooking
7.46,156.13,65.47,32.7,Cooking
8.2,925.0,15.16,19.91,Agriculture
7.23,1018.91,87.59,17.41,Cooking
7.33,948.26,53.91,13.59,Cooking
7.0,722.07,28.25,13.79,Agriculture
5.59,600.69,42.52,20.82,Agriculture
5.88,1301.83,3.76,24.89,Cooking
5.61,802.67,12.79,12.02,Agriculture
7.73,744.81,76.55,33.49,Cooking
6.6,87.18,0.0,28.88,Drinking
7.28,544.81,41.66,24.67,Agriculture
8.68,601.28,52.25,30.71,Cooking
6.37,628.29,5.46,12.0,Agriculture
6.94,891.25,97.31,21.92,Cooking
8.14,823.72,22.61,25.75,Agriculture
6.3,931.46,30.42,30.72,Agriculture
5.77,1159.08,30.39,29.59,Cooking
6.51,1228.83,23.04,16.93,Aquaculture
6.06,1091.28,0.15,33.52,Aquaculture
8.75,1435.51,72.93,13.11,Cooking
8.33,76.44,96.68,31.88,Cooking
7.72,333.88,22.43,34.27,Agriculture
8.55,60.97,66.3,14.43,Cooking
8.31,988.84,74.19,28.05,Cooking
6.15,1352.14,84.84,11.01,Cooking
8.62,403.05,42.26,20.14,Agriculture
7.39,1394.2,30.29,22.91,Cooking
8.33,137.39,32.53,24.52,Agriculture
8.64,1404.93,71.26,33.4,Cooking
6.61,559.85,81.68,26.81,Cooking
5.89,197.06,18.16,22.03,Agriculture
6.3,754.51,37.09,30.24,Agriculture
6.99,422.33,90.19,33.76,Cooking
8.36,463.07,80.67,10.55,Cooking
8.51,495.57,98.49,34.56,Cooking
5.52,1214.39,75.42,12.15,Cooking
7.29,831.78,39.32,30.36,Agriculture
6.96,501.4,59.06,17.01,Cooking
6.28,934.98,66.1,13.3,Cooking
5.92,1088.42,7.85,21.0,Cooking
6.68,445.3,54.45,26.1,Cooking
8.8,649.65,70.93,19.52,Cooking
6.63,226.73,16.73,11.36,Agriculture
7.32,312.67,78.06,24.99,Cooking
7.96,1037.62,58.38,32.56,Cooking
6.77,313.09,95.22,19.58,Cooking
8.9,811.49,4.24,15.41,Agriculture
8.87,1078.12,26.53,21.06,Aquaculture
6.38,204.97,60.16,11.21,Cooking
7.24,872.6,29.66,30.51,Agriculture
6.55,422.02,71.44,30.66,Cooking
6.5,1446.24,75.9,24.7,Cooking
5.63,751.14,10.25,18.83,Agriculture
7.63,1218.69,51.39,29.99,Cooking
7.26,847.83,50.89,23.87,Cooking
5.68,112.95,36.93,30.65,Agriculture
6.48,968.07,93.29,25.79,Cooking
8.68,1429.53,82.75,29.61,Cooking
6.34,922.34,69.72,24.96,Cooking
6.01,1237.82,71.43,20.35,Cooking
7.21,1332.1,46.17,33.95,Cooking
8.95,380.72,92.1,23.53,Cooking
6.35,357.47,69.46,25.13,Cooking
7.85,935.92,72.9,15.51,Cooking
8.17,645.99,86.17,25.64,Cooking
6.33,1267.8,27.41,24.29,Aquaculture
8.05,1355.03,80.71,14.62,Cooking
6.79,562.46,19.52,11.49,Agriculture
7.71,393.46,34.53,25.11,Agriculture
7.72,1181.76,33.56,29.09,Cooking
7.38,448.47,97.85,23.09,Cooking
5.82,1242.79,85.65,15.67,Cooking
8.42,664.42,70.12,26.66,Cooking
6.62,1017.95,72.71,12.0,Cooking
6.15,188.53,56.21,21.05,Cooking
5.64,954.6,94.71,14.08,Cooking
7.57,705.06,49.63,14.61,Agriculture
7.87,900.58,38.05,15.06,Agriculture
5.56,293.62,16.3,19.67,Agriculture
7.29,1118.47,78.62,11.28,Cooking
6.29,1301.06,73.44,19.94,Cooking
7.76,364.27,38.44,22.79,Agriculture
6.11,188.79,2.52,22.08,Agriculture
7.92,84.28,83.9,19.57,Cooking
6.85,980.86,1.14,30.98,Agriculture
8.78,930.29,70.37,13.63,Cooking
5.98,842.71,97.03,22.64,Cooking
6.69,386.32,43.77,11.55,Agriculture
5.9,616.81,23.5,11.78,Agriculture
8.74,911.99,70.49,24.35,Cooking
8.57,770.31,81.71,24.15,Cooking
6.4,1482.29,54.64,31.95,Cooking
7.81,247.84,96.7,23.95,Cooking
8.36,1057.96,5.17,33.99,Aquaculture
7.44,636.26,50.48,11.22,Cooking
7.35,670.89,71.85,12.45,Cooking
6.35,1090.52,86.26,11.1,Cooking
5.83,1054.03,17.93,14.63,Cooking
8.64,1487.32,80.0,23.53,Cooking
8.65,236.17,55.27,26.14,Cooking
7.72,200.96,39.66,11.14,Agriculture
6.69,1100.29,13.17,33.65,Aquaculture
6.72,888.66,86.53,31.05,Cooking
8.04,447.53,15.73,17.42,Agriculture
8.64,165.16,30.98,11.93,Agriculture
8.6,174.2,29.0,14.25,Agriculture
8.23,1346.58,87.14,13.17,Cooking
7.75,328.21,67.27,13.08,Cooking
5.79,518.89,79.67,22.96,Cooking
6.07,378.65,25.05,16.15,Agriculture
8.64,564.74,62.49,18.95,Cooking
7.62,150.66,57.17,34.74,Cooking
5.53,802.64,83.28,27.11,Cooking
5.86,148.04,90.61,33.72,Cooking
7.82,1210.52,1.22,13.56,Aquaculture
5.52,388.88,67.4,19.55,Cooking
6.06,833.02,5.18,23.87,Agriculture
7.42,1326.11,54.89,11.92,Cooking
7.92,993.77,28.76,10.1,Agriculture
7.78,822.79,30.68,26.76,Agriculture
6.28,520.28,35.3,26.05,Agriculture
7.99,532.85,62.13,20.27,Cooking
6.33,1020.76,33.4,22.24,Cooking
6.64,1491.5,73.27,20.39,Cooking
8.11,1009.67,40.45,10.6,Cooking
7.77,858.79,6.84,18.38,Agriculture
8.47,1109.44,78.38,14.43,Cooking
7.8,724.55,28.58,12.46,Agriculture
7.49,137.21,43.28,33.92,Agriculture
5.83,865.33,68.54,24.98,Cooking
6.79,1438.56,33.25,28.22,Cooking
6.43,304.19,5.66,17.88,Agriculture
6.35,1050.51,37.39,19.83,Cooking
8.91,341.35,94.44,15.92,Cooking
6.88,826.95,64.17,12.42,Cooking
8.62,190.18,67.15,14.48,Cooking
7.71,703.04,63.23,29.94,Cooking
8.28,1146.44,19.9,26.94,Aquaculture
7.26,553.98,41.83,23.67,Agriculture
7.52,1014.12,75.09,21.88,Cooking
7.22,1203.4,10.14,33.06,Aquaculture
6.18,1394.41,27.79,11.82,Aquaculture
8.03,390.23,27.63,17.02,Agriculture
6.48,629.01,43.2,18.75,Agriculture
5.59,271.0,98.04,29.56,Cooking
7.76,1489.1,6.75,34.81,Aquaculture
6.12,1394.15,51.87,16.02,Cooking
8.79,832.94,17.94,31.86,Agriculture
8.84,1270.95,97.07,30.77,Cooking
8.7,805.39,11.33,15.62,Agriculture
6.8,954.2,40.36,19.98,Agriculture
5.55,179.23,73.79,20.24,Cooking
8.75,1145.14,70.46,34.46,Cooking
7.0,235.18,42.27,14.52,Agriculture
8.88,1247.8,34.65,29.98,Cooking
8.87,1183.94,39.76,18.35,Cooking
8.49,1077.68,26.43,28.27,Aquaculture
6.53,102.43,20.53,20.5,Agriculture
6.85,489.54,48.3,24.46,Agriculture
8.48,431.51,26.85,30.82,Agriculture
6.61,572.2,28.75,30.1,Agriculture
6.09,177.08,65.68,31.66,Cooking
7.45,1408.59,96.85,11.49,Cooking
8.78,853.01,60.36,27.3,Cooking
7.94,493.01,7.7,13.5,Agriculture
7.5,625.62,7.56,20.4,Agriculture
5.84,698.44,95.14,23.71,Cooking
7.65,920.86,29.73,20.07,Agriculture
8.97,797.74,9.21,22.99,Agriculture
5.99,1383.12,59.9,34.91,Cooking
7.31,770.6,62.36,13.38,Cooking
8.57,1488.63,64.85,26.89,Cooking
8.09,1284.57,26.74,19.9,Aquaculture
7.94,352.34,1.51,13.33,Drinking
7.96,1399.36,96.5,13.97,Cooking
6.76,218.73,25.09,33.73,Agriculture
6.53,1235.3,67.6,31.99,Cooking
8.33,601.9,70.66,32.68,Cooking
8.34,1323.06,61.0,34.79,Cooking
8.53,1308.68,31.29,15.21,Cooking
8.7,1218.59,27.11,18.89,Aquaculture
7.29,1195.54,59.77,26.73,Cooking
7.26,491.78,86.61,22.1,Cooking
8.29,167.33,94.67,20.46,Cooking
7.77,634.32,10.59,18.95,Agriculture
7.96,301.61,15.48,24.84,Agriculture
8.29,1057.68,94.47,24.39,Cooking
8.62,551.84,73.65,14.04,Cooking
6.68,1464.63,88.3,21.79,Cooking
6.81,979.41,20.26,23.84,Agriculture
5.83,1242.6,58.76,24.26,Cooking
7.52,242.16,70.11,15.25,Cooking
5.63,1299.92,68.01,28.56,Cooking
7.13,1388.0,40.82,10.63,Cooking
7.4,756.24,1.54,18.87,Agriculture
6.5,929.07,58.29,29.51,Cooking
7.57,1158.97,25.31,24.1,Aquaculture
5.61,303.52,45.03,16.53,Agriculture
5.63,778.72,95.76,27.37,Cooking
8.38,628.06,39.9,24.18,Agriculture
6.76,262.24,83.98,29.91,Cooking
5.94,582.92,18.85,28.38,Agriculture
7.33,148.85,67.25,25.25,Cooking
8.19,87.43,97.7,22.2,Cooking
6.26,245.99,10.19,13.33,Agriculture
7.68,1446.52,0.83,16.53,Aquaculture
5.8,846.82,43.36,20.48,Agriculture
5.68,1450.44,9.26,24.98,Cooking
7.36,677.12,74.84,22.84,Cooking
7.39,502.13,91.45,17.2,Cooking
7.73,783.91,43.4,10.16,Agriculture
8.04,687.29,25.87,22.41,Agriculture
8.92,203.21,43.44,17.14,Agriculture
7.31,979.2,72.34,28.37,Cooking
6.63,363.26,0.91,10.6,Drinking
8.28,948.4,58.95,24.62,Cooking
6.45,992.79,61.33,33.54,Cooking
7.04,270.44,63.77,14.36,Cooking
5.77,138.96,24.2,21.79,Agriculture
5.59,1182.1,71.41,12.29,Cooking
8.87,716.71,9.14,25.64,Agriculture
8.43,134.34,19.93,23.76,Agriculture
7.94,1492.56,87.75,20.18,Cooking
6.93,133.78,73.87,23.03,Cooking
6.11,1057.8,1.37,32.41,Aquaculture
6.05,1476.33,24.84,14.91,Aquaculture
6.38,396.81,21.44,10.56,Agriculture
7.42,256.26,27.08,31.54,Agriculture
8.0,226.01,24.76,24.43,Agriculture
7.81,489.75,6.25,32.27,Agriculture
6.48,196.52,45.89,24.92,Agriculture
8.84,1053.63,73.27,30.25,Cooking
8.08,140.32,60.67,20.74,Cooking
7.44,788.66,67.29,28.75,Cooking
7.64,1495.21,8.11,32.83,Aquaculture
6.97,1230.26,95.15,24.3,Cooking
6.37,942.07,83.85,14.52,Cooking
6.75,494.07,80.51,16.72,Cooking
8.15,954.65,82.3,14.97,Cooking
5.55,814.21,93.27,16.17,Cooking
5.91,667.82,54.43,17.66,Cooking
5.66,239.53,20.03,23.88,Agriculture
5.64,1335.58,61.68,24.7,Cooking
8.49,702.19,74.29,20.66,Cooking
7.96,332.2,73.79,25.39,Cooking
7.16,583.25,52.14,12.04,Cooking
5.84,650.49,6.85,12.19,Agriculture
7.22,1249.93,37.11,14.3,Cooking
7.16,1113.74,92.08,22.95,Cooking
6.11,1165.49,58.44,15.35,Cooking
7.02,66.0,53.83,17.08,Cooking
6.89,653.42,26.89,20.01,Agriculture
7.66,747.95,36.84,30.3,Agriculture
7.72,77.83,89.53,10.35,Cooking
5.66,426.73,66.65,26.23,Cooking
6.81,1152.42,78.74,26.72,Cooking
7.69,248.81,45.43,29.97,Agriculture
7.26,826.2,63.02,33.32,Cooking
8.5,362.04,24.84,10.5,Agriculture
7.81,67.58,70.55,13.84,Cooking
6.07,399.74,42.76,32.15,Agriculture
5.75,1465.02,44.25,21.46,Cooking
7.75,1212.23,64.93,24.11,Cooking
5.59,1441.39,93.63,26.58,Cooking
7.55,757.39,6.4,26.98,Agriculture
8.79,209.12,82.47,33.29,Cooking
7.51,844.54,29.24,34.92,Agriculture
6.86,708.85,44.39,28.0,Agriculture
7.75,1274.32,2.19,17.18,Aquaculture
7.1,192.22,30.1,31.99,Agriculture
7.41,757.95,50.26,11.23,Cooking
8.8,267.57,5.62,15.78,Agriculture
6.85,520.78,49.11,32.43,Agriculture
8.86,1119.17,92.71,16.4,Cooking
8.67,740.23,10.54,15.52,Agriculture
6.19,595.04,76.44,13.45,Cooking
5.74,621.99,40.97,31.48,Agriculture
5.85,716.2,65.52,22.5,Cooking
5.56,1188.27,26.02,26.87,Cooking
5.83,1343.52,15.95,15.98,Cooking
7.89,1435.24,16.05,28.95,Aquaculture
5.75,1191.01,7.05,29.0,Cooking
6.62,507.34,18.56,17.81,Agriculture
8.46,1047.8,66.42,20.27,Cooking
5.58,684.52,88.17,15.24,Cooking
8.35,419.27,81.41,34.41,Cooking
6.49,1269.26,68.51,26.14,Cooking
5.91,105.72,11.04,33.36,Agriculture
7.94,1357.55,28.92,17.58,Aquaculture
7.7,719.14,30.98,29.55,Agriculture
8.57,973.94,25.0,29.15,Agriculture
8.07,1006.06,51.5,27.29,Cooking
8.31,1347.92,53.56,34.14,Cooking
6.49,973.17,35.69,19.84,Agriculture
6.12,940.2,35.38,13.27,Agriculture
8.13,146.65,82.86,26.79,Cooking
8.32,801.69,78.93,28.23,Cooking
8.97,267.75,30.78,24.38,Agriculture
6.94,1119.28,91.38,15.17,Cooking
6.8,792.72,95.28,22.61,Cooking
8.22,1036.33,32.67,17.8,Cooking
6.69,110.43,35.44,20.69,Agriculture
8.76,172.95,50.56,26.13,Cooking
8.5,1088.67,94.11,28.63,Cooking
7.0,154.52,87.63,15.81,Cooking
8.13,153.32,10.26,20.13,Agriculture
8.14,67.56,39.27,16.73,Agriculture
5.86,1436.93,55.34,14.97,Cooking
8.66,1119.39,50.31,29.58,Cooking
7.27,562.21,19.39,32.73,Agriculture
8.39,479.98,85.88,19.26,Cooking
6.62,557.07,67.69,28.78,Cooking
8.63,1173.25,83.79,32.42,Cooking
6.86,1008.99,85.88,31.15,Cooking
5.54,318.53,74.84,14.57,Cooking
8.67,302.46,43.92,33.91,Agriculture
5.82,192.67,61.05,19.42,Cooking
6.62,1007.44,16.04,18.48,Aquaculture
8.83,1158.34,67.36,11.56,Cooking
8.83,434.32,17.93,22.15,Agriculture
7.51,80.37,69.39,12.73,Cooking
7.71,169.15,22.96,16.21,Agriculture
7.07,1453.4,11.76,17.92,Aquaculture
6.53,478.39,16.53,30.22,Agriculture
6.65,1165.37,0.2,31.89,Aquaculture
7.85,955.76,71.87,17.56,Cooking
8.13,603.81,73.24,31.47,Cooking
8.27,348.25,51.49,31.43,Cooking
8.26,226.01,16.14,29.12,Agriculture
5.82,941.77,8.36,13.67,Agriculture
7.23,1173.22,1.91,27.26,Aquaculture
5.7,983.66,16.57,33.63,Agriculture
7.42,818.94,89.09,27.06,Cooking
7.05,110.83,24.15,18.29,Agriculture
8.61,1454.31,35.43,22.51,Cooking
6.73,1208.14,10.53,26.14,Aquaculture
5.91,474.59,22.24,22.76,Agriculture
6.0,1470.96,51.92,13.0,Cooking
8.17,922.73,60.78,17.8,Cooking
7.66,894.51,24.54,30.06,Agriculture
5.85,1134.71,5.77,31.54,Cooking
5.79,1227.07,39.1,13.43,Cooking
7.95,1001.89,23.42,33.81,Aquaculture
5.75,235.74,21.96,18.22,Agriculture
8.38,540.49,95.99,26.56,Cooking
7.97,1395.72,61.63,28.8,Cooking
5.78,375.69,55.69,30.3,Cooking
5.8,589.64,41.58,33.64,Agriculture
8.95,676.51,42.89,17.82,Agriculture
6.81,687.14,54.09,31.46,Cooking
6.8,938.76,69.64,13.29,Cooking
8.34,1417.46,70.21,27.63,Cooking
8.82,399.0,17.17,28.55,Agriculture
8.95,226.18,50.01,26.94,Cooking
8.14,336.33,41.2,16.31,Agriculture
6.82,1336.04,87.05,31.83,Cooking
5.79,986.43,63.14,14.22,Cooking
8.22,464.56,53.25,11.34,Cooking
7.45,1233.12,11.54,27.94,Aquaculture
6.98,1298.99,60.56,21.89,Cooking
8.67,1277.45,11.72,31.23,Aquaculture
5.89,1382.44,33.72,19.58,Cooking
7.22,415.75,14.28,14.21,Agriculture
5.54,1144.81,69.21,30.91,Cooking
7.14,717.78,20.63,23.72,Agriculture
5.7,1270.9,39.19,14.73,Cooking
5.92,1106.31,89.57,28.01,Cooking
5.91,1175.85,20.43,22.78,Cooking
7.77,1001.43,50.78,25.11,Cooking
8.11,307.27,41.93,21.52,Agriculture
7.54,840.29,1.81,30.72,Agriculture
8.87,1477.77,79.28,30.74,Cooking
6.81,1409.21,6.9,27.73,Aquaculture
6.5,112.6,47.43,12.64,Agriculture
8.54,288.98,56.07,30.97,Cooking
6.28,241.01,62.84,26.78,Cooking
8.87,1102.67,68.86,27.43,Cooking
5.54,1235.79,25.33,19.07,Cooking
8.89,359.59,1.0,31.98,Agriculture
5.65,783.49,72.34,28.13,Cooking
8.62,1269.02,53.57,12.81,Cooking
7.35,1112.56,83.61,20.19,Cooking
8.98,836.24,82.14,32.16,Cooking
5.76,906.0,84.33,11.18,Cooking
7.44,787.12,48.51,34.04,Agriculture
8.89,481.45,33.36,26.98,Agriculture
7.33,869.28,79.16,25.78,Cooking
7.7,1048.88,45.13,16.76,Cooking
7.94,1316.32,18.34,16.22,Aquaculture
7.09,972.62,85.5,33.55,Cooking
7.7,1153.63,88.26,17.46,Cooking
7.55,282.1,46.63,29.39,Agriculture
8.65,719.26,7.57,19.83,Agriculture
5.66,63.53,38.78,13.48,Agriculture
6.48,407.68,80.35,10.27,Cooking
8.83,1103.37,90.18,23.61,Cooking
8.62,1488.12,20.35,34.39,Aquaculture
7.09,193.81,6.7,19.23,Agriculture
7.67,632.17,87.74,18.93,Cooking
6.47,1210.1,38.94,18.6,Cooking
6.16,345.85,54.18,23.01,Cooking
7.12,854.87,96.81,21.02,Cooking
6.74,1112.95,6.66,32.0,Aquaculture
7.54,943.18,64.83,22.64,Cooking
5.77,322.64,7.41,22.69,Agriculture
8.91,565.31,37.55,13.46,Agriculture
8.95,1186.5,80.38,34.57,Cooking
7.94,853.63,43.35,16.25,Agriculture
7.38,57.58,99.72,11.83,Cooking
6.58,1153.44,55.91,26.58,Cooking
8.35,101.2,32.12,24.88,Agriculture
7.9,1131.31,22.01,20.38,Aquaculture
6.07,343.6,35.05,20.55,Agriculture
8.69,1439.21,37.25,29.63,Cooking
8.38,583.51,6.87,14.89,Agriculture
8.82,524.05,36.96,30.51,Agriculture
8.04,265.89,46.42,26.22,Agriculture
7.65,493.13,72.27,20.47,Cooking
6.96,1321.14,65.67,21.45,Cooking
8.76,1494.68,70.88,16.42,Cooking
8.53,584.05,0.84,28.8,Agriculture
5.66,700.49,21.77,22.82,Agriculture
5.59,1097.0,66.17,18.02,Cooking
6.82,1334.98,48.4,24.9,Cooking
8.34,909.91,0.53,34.89,Agriculture
8.96,617.71,80.45,20.88,Cooking
6.03,648.3,77.28,33.02,Cooking
7.58,1058.65,54.84,18.63,Cooking
6.83,54.67,6.65,11.37,Agriculture
8.89,948.4,76.65,15.11,Cooking
8.45,565.46,58.37,20.47,Cooking
8.43,1201.59,78.2,15.49,Cooking
7.14,184.84,75.17,10.01,Cooking
6.95,902.89,80.3,32.88,Cooking
6.46,747.41,51.8,31.1,Cooking
5.7,981.37,14.03,28.56,Agriculture
8.53,144.04,67.12,14.2,Cooking
8.35,890.98,62.05,13.01,Cooking
9.0,864.15,74.23,11.69,Cooking
8.99,862.96,16.99,28.1,Agriculture
7.44,925.06,19.5,33.22,Agriculture
8.19,1030.88,89.04,20.76,Cooking
8.81,1217.23,75.0,12.98,Cooking
8.47,441.24,90.82,22.81,Cooking
6.37,1246.32,75.87,18.72,Cooking
7.08,772.47,59.72,19.37,Cooking
5.95,161.73,65.41,25.53,Cooking
8.84,134.9,88.91,27.97,Cooking
7.62,534.65,57.88,12.77,Cooking
6.3,1188.1,63.24,10.89,Cooking
7.85,1076.14,15.65,34.86,Aquaculture
7.66,1193.49,47.39,15.82,Cooking
6.75,800.04,71.64,11.35,Cooking
5.9,688.29,27.09,14.75,Agriculture
7.85,263.81,20.23,10.97,Agriculture
7.32,525.88,31.38,19.8,Agriculture
8.2,679.33,24.15,30.06,Agriculture
7.32,178.47,21.49,18.53,Agriculture
8.48,369.89,42.49,21.1,Agriculture
7.43,917.43,90.78,26.89,Cooking
7.46,1116.71,50.71,22.72,Cooking
8.57,1497.6,18.79,31.54,Aquaculture
6.91,1403.01,7.7,31.65,Aquaculture
5.97,981.72,69.62,10.25,Cooking
5.6,660.81,38.28,29.45,Agriculture
8.14,972.46,82.18,21.52,Cooking
7.67,1189.19,65.95,34.72,Cooking
7.96,221.59,79.62,22.08,Cooking
6.25,644.36,27.19,34.67,Agriculture
5.98,1267.71,69.24,28.86,Cooking
5.55,606.56,26.41,16.22,Agriculture
6.73,879.21,93.91,23.46,Cooking
7.56,902.27,63.64,34.8,Cooking
6.87,317.49,32.45,31.44,Agriculture
7.03,575.24,26.95,12.43,Agriculture
8.66,535.04,19.09,27.66,Agriculture
6.72,87.99,69.46,18.64,Cooking
7.3,85.08,21.87,10.17,Agriculture
8.24,1255.96,59.53,20.09,Cooking
6.89,445.95,26.46,15.87,Agriculture
7.68,801.21,66.2,30.47,Cooking
8.52,483.15,81.49,18.43,Cooking
8.82,1413.98,77.8,30.69,Cooking
6.01,425.98,76.09,10.01,Cooking
8.74,673.0,18.77,17.7,Agriculture
7.22,1315.46,8.84,16.03,Aquaculture
6.4,1270.8,69.89,15.84,Cooking
7.11,319.85,36.83,11.7,Agriculture
8.93,1213.83,43.23,14.68,Cooking
7.22,714.37,3.11,23.89,Agriculture
6.65,750.3,25.96,17.28,Agriculture
7.72,243.55,3.37,20.43,Drinking
6.34,166.87,87.92,19.42,Cooking
5.77,1105.51,24.34,31.9,Cooking
5.95,769.87,55.73,32.63,Cooking
5.95,683.43,3.9,22.32,Agriculture
6.03,1107.79,66.68,18.25,Cooking
5.99,1159.99,32.3,12.67,Cooking
7.74,280.42,89.79,33.84,Cooking
6.14,934.83,88.81,11.51,Cooking
6.71,246.26,32.53,17.44,Agriculture
8.64,1139.49,90.1,17.45,Cooking
7.16,1002.58,99.62,18.01,Cooking
7.84,1437.09,82.54,14.11,Cooking
6.1,149.99,84.49,29.58,Cooking
6.17,132.73,24.9,13.06,Agriculture
5.64,459.17,57.67,25.87,Cooking
6.09,429.47,6.73,13.1,Agriculture
6.48,408.12,9.49,11.76,Agriculture
6.12,1364.07,99.89,32.74,Cooking
5.81,411.84,32.66,14.75,Agriculture
5.92,444.33,74.82,30.53,Cooking
7.11,1151.13,80.67,23.62,Cooking
6.22,702.12,85.8,11.95,Cooking
6.77,1176.23,99.76,33.89,Cooking
7.26,144.78,24.15,16.17,Agriculture
7.92,756.98,4.04,31.49,Agriculture
5.64,98.74,41.12,14.22,Agriculture
8.3,140.85,13.01,31.35,Agriculture
7.7,1364.33,2.24,10.33,Aquaculture
5.79,251.91,36.04,22.79,Agriculture
8.56,822.01,78.37,29.24,Cooking
8.72,646.09,56.62,33.37,Cooking
5.71,553.65,31.28,32.73,Agriculture
6.47,1354.76,65.43,30.49,Cooking
8.32,81.64,23.2,32.2,Agriculture
8.12,1012.5,1.44,14.98,Aquaculture
6.15,1446.92,76.44,17.1,Cooking
6.23,862.24,62.37,17.22,Cooking
6.8,1408.39,76.23,19.43,Cooking
7.2,125.77,3.89,19.83,Drinking
7.66,657.25,83.71,23.61,Cooking
6.79,427.23,61.95,14.0,Cooking
7.12,1109.69,56.34,27.28,Cooking
8.12,1472.88,62.46,14.19,Cooking
5.63,421.97,86.44,17.76,Cooking
6.38,998.55,58.69,22.58,Cooking
8.0,337.24,58.1,29.91,Cooking
8.63,869.73,99.07,28.49,Cooking
7.29,722.7,75.67,26.14,Cooking
7.36,1459.41,44.23,13.89,Cooking
5.88,932.36,70.74,23.68,Cooking
7.07,556.78,38.92,12.19,Agriculture
7.36,215.44,22.89,19.43,Agriculture
6.35,269.31,59.69,20.34,Cooking
6.44,376.71,92.82,11.0,Cooking
6.82,413.9,92.91,16.85,Cooking
5.57,1283.39,34.19,33.89,Cooking
6.63,863.77,52.77,33.84,Cooking
6.24,808.92,21.16,18.81,Agriculture
6.65,216.41,99.56,11.08,Cooking
5.92,1297.2,98.11,14.48,Cooking
8.62,1098.08,64.95,19.81,Cooking
7.58,148.12,80.44,33.69,Cooking
7.88,1076.36,71.51,13.53,Cooking
8.26,838.13,59.32,29.09,Cooking
7.24,168.5,5.33,12.72,Agriculture
5.8,714.54,45.48,34.53,Agriculture
7.38,752.81,67.48,19.54,Cooking
7.55,290.37,67.75,29.38,Cooking
8.11,1421.26,37.31,18.56,Cooking
7.01,1282.46,94.17,25.69,Cooking
5.95,1020.08,16.74,14.8,Cooking
6.49,720.33,50.04,13.65,Cooking
6.77,647.06,69.09,33.45,Cooking
7.76,993.91,69.71,32.94,Cooking
7.5,840.88,64.86,32.19,Cooking
6.75,140.3,27.53,25.64,Agriculture
8.95,793.13,15.62,30.21,Agriculture
7.62,1219.29,63.59,11.73,Cooking
6.33,715.9,59.93,18.37,Cooking
5.86,125.34,17.94,17.84,Agriculture
6.04,1190.1,70.51,25.89,Cooking
6.36,341.98,45.52,18.9,Agriculture
6.06,425.0,66.78,13.71,Cooking
6.15,288.82,83.74,24.91,Cooking
6.5,528.81,16.97,30.36,Agriculture
6.11,1147.29,1.91,19.55,Aquaculture
8.64,803.11,77.91,13.31,Cooking
5.78,347.08,60.97,14.92,Cooking
7.34,1322.85,69.96,15.94,Cooking
6.94,1325.39,83.82,17.5,Cooking
8.94,1312.34,80.28,26.07,Cooking
5.89,396.25,96.09,25.02,Cooking
6.89,704.3,53.59,27.4,Cooking
8.89,1478.24,48.85,19.06,Cooking
8.53,1169.42,40.19,30.6,Cooking
8.36,89.39,15.37,15.1,Agriculture
6.4,144.55,57.26,21.73,Cooking
6.1,722.7,27.7,30.02,Agriculture
7.84,1368.37,92.13,14.5,Cooking
8.75,831.12,58.32,12.75,Cooking
7.45,771.83,59.28,32.09,Cooking
7.5,202.94,35.49,18.57,Agriculture
6.48,1002.33,5.2,27.1,Aquaculture
8.19,1242.05,3.17,10.63,Aquaculture
6.15,601.61,42.33,27.25,Agriculture
6.63,1174.64,8.46,17.9,Aquaculture
6.99,1448.49,60.68,11.39,Cooking
7.28,345.46,88.1,25.25,Cooking
6.35,808.83,88.29,16.02,Cooking
5.9,466.35,65.9,19.67,Cooking
7.64,1199.64,21.12,12.01,Aquaculture
6.51,887.51,86.3,13.68,Cooking
7.53,970.14,88.61,17.45,Cooking
6.04,1206.98,19.67,12.24,Aquaculture
7.18,624.16,73.74,32.77,Cooking
7.36,1376.88,28.65,10.15,Aquaculture
5.68,822.89,80.26,22.1,Cooking
6.68,279.03,99.72,13.08,Cooking
5.97,1059.05,3.0,17.69,Cooking
5.72,1200.23,89.74,33.15,Cooking
8.96,509.3,62.26,14.04,Cooking
6.63,1292.91,97.34,34.15,Cooking
8.33,1363.91,46.5,15.14,Cooking
6.39,451.51,84.74,28.54,Cooking
7.89,1476.11,6.24,23.67,Aquaculture
8.16,254.03,33.53,32.11,Agriculture
7.58,342.92,6.7,23.85,Agriculture
7.15,317.13,97.53,23.36,Cooking
6.94,1346.29,81.7,14.89,Cooking
6.72,998.72,85.25,14.16,Cooking
8.75,270.55,93.8,32.91,Cooking
8.41,688.47,8.51,18.2,Agriculture
8.88,942.18,38.56,19.3,Agriculture
5.94,171.02,7.1,29.0,Agriculture
8.06,1329.5,21.08,18.47,Aquaculture
8.78,1215.23,22.94,33.8,Aquaculture
6.13,782.55,46.91,28.45,Agriculture
5.73,1452.33,26.86,24.94,Cooking
8.09,655.75,10.1,32.02,Agriculture
7.51,1476.96,16.75,11.24,Aquaculture
8.45,1018.48,14.73,16.43,Aquaculture
5.99,970.27,97.31,21.63,Cooking
8.28,290.63,75.93,15.67,Cooking
6.21,1328.8,96.78,28.6,Cooking
6.07,669.86,43.97,32.98,Agriculture
6.07,285.24,27.84,20.59,Agriculture
8.35,68.28,79.83,18.55,Cooking
7.83,861.65,32.63,34.04,Agriculture
7.33,814.73,29.94,21.12,Agriculture
6.76,1093.06,23.25,22.23,Aquaculture
8.57,1340.87,12.97,18.79,Aquaculture
6.87,165.14,25.65,32.74,Agriculture
8.36,1110.67,35.53,24.22,Cooking
7.04,321.75,67.4,29.05,Cooking
6.82,1294.36,6.26,30.3,Aquaculture
7.12,1237.64,21.05,18.55,Aquaculture
6.55,834.15,80.9,20.84,Cooking
8.12,1079.85,14.69,31.21,Aquaculture
7.26,505.81,34.26,19.08,Agriculture
6.31,733.19,86.47,29.85,Cooking
8.65,1241.37,15.49,33.52,Aquaculture
6.84,715.93,8.27,25.58,Agriculture
7.4,568.81,48.45,28.54,Agriculture
8.67,766.61,30.24,30.13,Agriculture
7.68,1250.96,56.34,31.13,Cooking
5.91,536.05,80.38,19.88,Cooking
8.79,301.95,13.71,11.28,Agriculture
7.7,1082.42,58.07,20.05,Cooking
6.67,1247.67,50.55,26.84,Cooking
5.99,195.92,14.41,21.26,Agriculture
8.28,397.82,62.4,28.72,Cooking
7.67,255.86,27.36,18.92,Agriculture
7.37,554.52,48.78,25.87,Agriculture
8.63,703.01,8.23,14.66,Agriculture
8.26,1135.8,45.96,28.73,Cooking
6.03,994.16,30.65,23.64,Agriculture
6.59,950.35,82.24,15.1,Cooking
6.37,560.94,5.7,17.3,Agriculture
8.1,1270.1,41.86,28.72,Cooking
5.62,733.37,45.84,22.07,Agriculture
7.49,1469.7,72.5,15.4,Cooking
8.17,969.51,57.43,34.18,Cooking
8.57,233.08,66.72,27.88,Cooking
6.7,1030.46,77.7,33.93,Cooking
8.37,521.4,86.22,20.68,Cooking
5.89,1045.17,31.39,21.88,Cooking
8.46,150.98,53.8,32.45,Cooking
5.95,303.58,84.01,23.13,Cooking
6.89,1290.82,98.95,27.68,Cooking
8.29,379.41,88.95,16.3,Cooking
6.02,1263.71,37.15,21.17,Cooking
6.3,454.95,19.52,13.09,Agriculture
8.03,982.18,48.94,15.15,Agriculture
8.02,1056.52,74.16,10.02,Cooking
7.74,793.35,49.26,10.98,Agriculture
7.93,492.7,48.32,34.43,Agriculture
7.4,358.33,83.82,16.06,Cooking
6.38,98.12,36.14,26.58,Agriculture
6.71,490.72,85.98,30.98,Cooking
6.14,997.09,40.68,23.77,Agriculture
8.68,1410.54,32.82,13.83,Cooking
7.54,1313.25,45.4,28.2,Cooking
6.9,1160.79,76.24,25.01,Cooking
7.12,1193.25,12.6,28.28,Aquaculture
8.82,1014.23,19.64,29.24,Aquaculture
6.04,427.42,95.14,34.39,Cooking
7.55,1365.43,17.55,24.34,Aquaculture
7.27,1022.56,56.77,18.54,Cooking
7.64,862.64,57.93,26.21,Cooking
5.56,210.93,48.96,11.71,Agriculture
8.55,698.23,64.47,32.43,Cooking
8.76,717.52,22.98,12.98,Agriculture
7.48,1303.62,55.27,18.2,Cooking
7.94,842.64,37.22,30.39,Agriculture
8.73,601.58,66.17,24.93,Cooking
7.98,1466.36,14.12,19.84,Aquaculture
6.03,210.54,57.09,21.84,Cooking
7.52,662.7,18.53,31.36,Agriculture
7.62,110.94,27.86,18.5,Agriculture
6.98,1122.86,21.87,31.74,Aquaculture
8.08,1381.21,18.28,12.2,Aquaculture
8.77,456.05,82.57,29.42,Cooking
8.74,1294.6,28.57,31.19,Aquaculture
7.08,473.72,92.71,14.55,Cooking
5.9,1370.62,96.99,20.76,Cooking
8.95,1143.24,57.13,14.14,Cooking
8.44,1217.11,14.3,27.67,Aquaculture
5.94,76.11,37.45,23.38,Agriculture
8.72,1446.08,79.77,25.88,Cooking
8.54,1103.67,36.74,14.91,Cooking
7.32,491.89,8.7,15.29,Agriculture
7.57,1252.62,55.68,11.04,Cooking
6.9,458.21,84.51,18.05,Cooking
5.69,1315.49,79.59,23.99,Cooking
6.67,213.24,17.51,31.45,Agriculture
8.31,1070.34,67.28,26.67,Cooking
5.52,834.01,22.05,20.88,Agriculture
6.67,189.97,21.82,33.83,Agriculture
6.89,400.75,87.41,27.98,Cooking
7.38,67.99,24.97,33.25,Agriculture
8.72,729.71,26.32,23.19,Agriculture
6.71,486.83,0.07,16.47,Drinking
6.71,917.62,87.07,11.32,Cooking
8.08,480.99,79.26,28.15,Cooking
7.08,484.88,62.73,13.03,Cooking
6.29,1127.63,75.03,17.57,Cooking
7.08,119.81,15.2,23.31,Agriculture
5.99,1359.2,45.83,24.11,Cooking
6.12,1285.78,35.12,25.01,Cooking
7.24,1018.32,9.38,14.16,Aquaculture
6.97,910.17,48.61,19.49,Agriculture
8.7,1343.84,92.07,25.43,Cooking
6.77,318.73,4.01,34.25,Drinking
7.53,164.51,29.15,28.19,Agriculture
7.71,397.29,20.75,33.07,Agriculture
5.55,1202.14,23.81,29.06,Cooking
7.82,100.27,90.84,24.79,Cooking
6.12,895.07,46.81,14.8,Agriculture
8.86,1493.38,46.63,26.67,Cooking
6.02,1290.76,76.06,25.58,Cooking
6.95,806.1,15.45,25.06,Agriculture
5.8,142.28,48.73,22.24,Agriculture
8.99,1255.49,43.0,23.22,Cooking
7.26,918.52,59.69,18.36,Cooking
7.58,216.65,99.96,22.98,Cooking
5.73,186.09,76.94,14.94,Cooking
8.12,1368.96,39.79,30.13,Cooking
6.23,1020.34,82.76,14.64,Cooking
8.64,1252.47,17.07,12.12,Aquaculture
6.22,1324.52,3.05,20.91,Aquaculture
6.17,879.07,20.44,26.46,Agriculture
5.63,800.3,34.04,20.94,Agriculture
7.15,674.12,51.06,16.92,Cooking
7.48,509.57,61.51,23.95,Cooking
5.73,680.16,91.06,18.68,Cooking
8.21,1172.13,50.99,33.32,Cooking
7.09,922.79,50.13,33.07,Cooking
7.34,1344.16,5.02,22.56,Aquaculture
7.04,692.9,3.49,18.2,Agriculture
6.9,930.28,55.12,28.43,Cooking
7.46,965.4,43.82,10.92,Agriculture
6.04,907.96,83.92,21.87,Cooking
6.14,1068.82,16.07,18.41,Aquaculture
8.52,394.28,2.5,33.01,Agriculture
8.81,792.93,44.9,10.3,Agriculture
6.81,201.13,23.75,23.82,Agriculture
6.45,607.54,4.96,28.52,Agriculture
7.75,757.12,72.46,22.13,Cooking
6.93,995.73,11.16,12.14,Agriculture
5.59,1428.27,60.83,34.31,Cooking
6.05,920.94,28.1,22.95,Agriculture
8.01,1128.21,17.35,25.35,Aquaculture
7.81,784.09,37.98,15.92,Agriculture
5.59,969.45,80.14,22.09,Cooking
6.28,152.85,39.21,20.73,Agriculture
6.31,418.87,75.08,11.87,Cooking
7.85,574.69,12.55,12.65,Agriculture
5.57,735.12,77.28,30.94,Cooking
5.86,116.19,23.69,16.0,Agriculture
8.3,253.03,67.74,14.87,Cooking
6.12,451.38,56.58,22.62,Cooking
7.78,1458.72,92.91,29.22,Cooking
6.33,530.45,38.73,11.55,Agriculture
5.85,748.96,6.62,24.42,Agriculture
6.35,334.34,1.92,12.98,Agriculture
8.03,935.63,82.69,10.91,Cooking
8.49,456.99,52.47,11.32,Cooking
8.41,350.14,77.52,30.85,Cooking
6.89,799.03,23.44,12.95,Agriculture
7.84,57.98,34.51,11.13,Agriculture
6.22,61.11,3.01,20.95,Agriculture
6.53,367.65,96.15,31.1,Cooking
8.64,103.25,66.79,16.56,Cooking
5.55,206.64,93.32,20.54,Cooking
5.8,541.35,26.55,11.0,Agriculture
6.23,1213.75,61.15,21.23,Cooking
5.59,879.47,67.85,24.44,Cooking
6.14,793.37,31.75,24.27,Agriculture
7.54,475.56,84.81,18.31,Cooking
6.97,1401.04,94.72,17.89,Cooking
8.62,625.67,88.49,12.67,Cooking
8.36,176.28,73.91,19.17,Cooking
6.7,944.75,27.75,12.49,Agriculture
6.41,215.07,28.16,29.16,Agriculture
6.83,550.57,96.34,34.16,Cooking
7.57,785.75,1.03,34.25,Agriculture
6.44,1317.62,71.6,31.63,Cooking
7.68,765.64,70.62,25.02,Cooking
6.93,1068.28,62.27,27.52,Cooking
7.43,1489.58,99.01,17.13,Cooking
7.03,240.66,31.19,25.77,Agriculture
6.53,448.36,34.0,21.39,Agriculture
8.82,622.14,7.89,22.05,Agriculture
8.17,661.65,44.28,28.94,Agriculture
5.99,645.98,26.1,17.05,Agriculture
8.54,1366.04,34.34,17.95,Cooking
7.21,1085.35,83.46,33.12,Cooking
8.63,931.46,93.55,11.41,Cooking
8.3,498.59,18.57,22.14,Agriculture
6.99,1244.5,37.25,32.82,Cooking
5.58,1434.84,92.86,25.26,Cooking
6.44,1240.74,6.18,23.66,Aquaculture
7.4,52.27,9.24,16.24,Agriculture
7.72,972.78,16.28,18.58,Agriculture
6.4,124.15,59.52,31.3,Cooking
5.99,423.53,15.05,23.98,Agriculture
8.42,136.31,96.81,22.87,Cooking
8.95,925.5,44.67,12.49,Agriculture
7.34,1045.56,50.15,10.4,Cooking
6.1,216.01,24.67,34.09,Agriculture
6.45,606.57,47.1,19.42,Agriculture
5.56,711.54,66.19,25.08,Cooking
8.7,585.13,75.12,11.99,Cooking
5.91,225.49,75.39,27.08,Cooking
7.52,657.47,57.79,33.31,Cooking
6.46,1139.21,90.44,24.39,Cooking
7.44,152.96,81.74,13.15,Cooking
7.78,166.26,75.7,24.54,Cooking
8.4,564.42,5.56,29.16,Agriculture
6.22,1415.5,0.69,20.16,Aquaculture
5.54,1019.43,21.24,32.0,Cooking
5.98,1034.07,66.35,26.22,Cooking
8.65,574.78,41.12,32.48,Agriculture
8.56,910.81,40.24,25.59,Agriculture
7.59,64.69,88.46,13.28,Cooking
7.6,972.34,89.56,17.74,Cooking
7.83,1374.27,90.92,15.04,Cooking
6.11,938.23,31.39,32.72,Agriculture
8.7,1316.86,69.11,29.01,Cooking
6.97,1099.76,27.16,26.91,Aquaculture
6.84,224.81,19.06,17.52,Agriculture
7.32,1358.56,18.46,14.6,Aquaculture
5.66,146.34,34.21,28.91,Agriculture
6.08,824.25,43.0,21.85,Agriculture
8.08,256.1,83.09,15.64,Cooking
5.79,66.97,11.99,25.42,Agriculture
7.61,661.95,73.49,11.01,Cooking
6.36,477.81,53.15,18.15,Cooking
6.86,754.7,28.79,21.71,Agriculture
6.51,886.94,49.28,13.7,Agriculture
6.74,113.42,29.99,34.62,Agriculture
8.02,228.35,59.61,15.23,Cooking
6.54,860.03,43.38,13.26,Agriculture
7.48,547.59,16.44,15.09,Agriculture
7.17,1107.3,11.66,29.23,Aquaculture
7.82,995.82,54.67,20.64,Cooking
8.78,1276.13,90.24,24.14,Cooking
8.06,1054.11,34.4,10.53,Cooking
6.25,673.4,73.3,10.86,Cooking
5.61,1025.8,65.87,21.15,Cooking
6.42,449.3,93.16,30.42,Cooking
7.58,494.15,82.1,32.13,Cooking
5.68,1194.03,56.66,12.17,Cooking
7.24,697.31,65.7,23.46,Cooking
7.59,1207.65,89.84,32.83,Cooking
6.67,1242.51,39.95,19.7,Cooking
8.2,1293.47,32.68,30.74,Cooking
5.87,1379.12,1.08,13.34,Cooking
5.76,674.93,82.66,33.38,Cooking
8.05,512.36,80.1,28.79,Cooking
7.23,894.19,10.45,33.53,Agriculture
7.91,588.2,57.69,26.92,Cooking
7.02,921.56,46.4,19.09,Agriculture
6.36,1073.1,11.87,33.45,Aquaculture
8.37,1048.19,98.06,16.89,Cooking
8.3,593.1,21.47,18.3,Agriculture
7.93,291.95,6.72,27.52,Agriculture
6.45,674.27,59.48,29.13,Cooking
7.57,256.76,73.89,33.24,Cooking
6.76,1340.64,3.24,15.12,Aquaculture
5.82,551.52,65.87,29.95,Cooking
8.71,273.97,53.23,28.46,Cooking
5.98,86.9,10.33,11.59,Agriculture
8.83,986.44,17.25,19.68,Agriculture
7.06,973.51,56.8,17.07,Cooking
6.15,543.88,29.64,17.61,Agriculture
7.4,153.98,93.83,34.57,Cooking
8.56,643.96,81.87,26.07,Cooking
8.06,501.27,98.36,27.94,Cooking
8.32,1031.82,25.97,34.42,Aquaculture
7.81,928.38,96.97,19.43,Cooking
7.92,578.66,43.12,30.05,Agriculture
8.47,365.94,34.75,20.86,Agriculture
6.37,1482.65,5.03,31.74,Aquaculture
7.21,708.3,5.28,14.52,Agriculture
6.27,1048.0,69.2,33.69,Cooking
8.96,253.8,45.79,15.47,Agriculture
8.8,754.11,22.65,18.16,Agriculture
5.64,89.93,61.4,28.9,Cooking
7.97,782.91,25.29,19.84,Agriculture
8.74,1447.83,57.76,25.21,Cooking
6.13,607.1,35.92,21.11,Agriculture
7.49,106.54,82.36,28.56,Cooking
8.7,94.89,82.07,15.71,Cooking
5.62,612.58,47.74,11.46,Agriculture
7.94,282.04,35.08,17.5,Agriculture
6.54,83.86,36.26,21.86,Agriculture
8.74,1146.51,80.57,14.2,Cooking
8.9,714.86,32.82,18.87,Agriculture
8.8,469.4,20.91,20.0,Agriculture
7.16,1355.12,8.47,11.43,Aquaculture
8.52,218.4,46.67,24.58,Agriculture
8.46,1436.08,48.21,32.11,Cooking
6.62,505.25,84.09,13.79,Cooking
8.4,1338.19,22.12,24.95,Aquaculture
5.63,924.27,38.1,26.62,Agriculture
7.59,1248.73,80.84,20.48,Cooking
6.31,1476.82,82.36,27.53,Cooking
5.92,468.19,38.46,20.27,Agriculture
5.77,1443.65,45.91,22.62,Cooking
7.94,614.75,30.33,10.18,Agriculture
6.69,608.99,93.26,27.29,Cooking
8.04,543.56,11.86,26.53,Agriculture
5.73,835.04,93.37,10.96,Cooking
6.6,273.51,68.39,19.21,Cooking
7.39,852.88,53.16,34.48,Cooking
8.27,835.47,3.27,20.52,Agriculture
6.62,1154.76,47.56,22.55,Cooking
7.69,1258.79,40.77,32.75,Cooking
8.6,688.64,16.12,27.93,Agriculture
7.66,488.38,65.64,24.55,Cooking
6.32,426.04,97.12,29.95,Cooking
5.59,332.2,56.22,31.61,Cooking
8.55,133.59,71.48,21.42,Cooking
5.57,546.55,6.85,21.88,Agriculture
8.56,441.86,41.77,19.65,Agriculture
7.35,1451.31,11.64,34.17,Aquaculture
8.79,858.68,61.28,27.43,Cooking
8.3,553.55,93.85,12.08,Cooking
8.99,891.68,66.18,31.57,Cooking
6.73,251.84,7.68,22.01,Agriculture
8.19,693.86,35.47,11.72,Agriculture
6.91,958.04,55.07,23.74,Cooking
7.18,758.9,40.32,20.43,Agriculture
7.7,632.58,83.36,31.94,Cooking
8.56,1491.08,81.47,15.1,Cooking
8.94,1326.46,61.18,30.66,Cooking
8.19,953.94,37.35,23.94,Agriculture
6.96,875.6,25.53,11.37,Agriculture
6.97,949.96,10.59,34.3,Agriculture
8.08,341.9,35.49,22.82,Agriculture
6.34,622.95,41.32,17.27,Agriculture
5.89,107.22,67.58,21.74,Cooking
6.74,739.54,65.82,31.45,Cooking
6.51,837.39,7.01,17.62,Agriculture
6.54,380.24,39.53,14.82,Agriculture
6.32,1447.84,18.18,13.23,Aquaculture
5.65,1368.71,15.68,17.45,Cooking
5.56,1097.11,82.73,29.5,Cooking
8.96,823.41,4.19,21.79,Agriculture
7.0,1311.46,41.92,15.69,Cooking
6.85,239.45,16.82,14.15,Agriculture
7.88,1196.24,87.93,18.32,Cooking
6.26,230.99,55.7,33.5,Cooking
8.82,1201.61,23.14,18.58,Aquaculture
8.25,449.86,50.24,34.7,Cooking
5.81,1321.78,73.15,22.13,Cooking
6.96,1418.86,95.81,14.48,Cooking
8.58,265.75,22.04,32.28,Agriculture
8.81,720.88,88.62,21.51,Cooking
7.14,1472.43,93.43,27.74,Cooking
7.65,750.94,91.64,34.59,Cooking
6.08,1302.14,63.54,11.25,Cooking
8.97,903.66,62.98,12.42,Cooking
6.31,594.23,40.32,28.01,Agriculture
8.8,464.39,75.24,17.05,Cooking
7.77,344.67,53.13,14.61,Cooking
7.63,1154.61,67.74,10.98,Cooking
7.29,610.48,42.85,10.55,Agriculture
6.31,791.35,73.15,29.36,Cooking
6.12,763.87,82.45,13.36,Cooking
6.27,887.05,14.64,21.69,Agriculture
6.15,1305.09,83.29,25.15,Cooking
8.23,1472.07,54.03,20.71,Cooking
6.73,641.0,84.47,10.68,Cooking
5.7,1249.9,43.13,29.59,Cooking
8.89,1158.57,37.9,10.26,Cooking
8.59,881.62,91.51,29.05,Cooking
8.75,1436.27,25.12,32.33,Aquaculture
8.98,340.69,84.42,20.82,Cooking
6.11,208.43,48.4,23.39,Agriculture
6.89,1288.24,51.41,21.92,Cooking
8.15,686.77,30.85,19.73,Agriculture
7.94,1278.1,57.3,32.19,Cooking
6.04,1344.98,32.52,32.35,Cooking
8.36,140.56,3.93,18.4,Drinking
6.29,1331.02,27.2,25.38,Aquaculture
6.28,700.06,0.64,33.17,Agriculture
7.38,790.13,97.84,34.05,Cooking
7.58,958.56,96.57,22.72,Cooking
7.53,1393.25,39.52,21.32,Cooking
5.82,77.72,72.84,16.97,Cooking
8.57,741.42,34.58,33.97,Agriculture
6.43,1047.2,67.11,13.57,Cooking
5.95,1097.93,80.54,24.5,Cooking
8.61,1054.17,94.68,17.06,Cooking
8.84,244.93,40.02,16.98,Agriculture
8.52,484.12,78.33,20.12,Cooking
8.33,570.14,26.59,34.97,Agriculture
7.79,1216.43,99.03,11.37,Cooking
7.43,454.2,2.58,24.46,Drinking
5.8,355.52,60.35,12.06,Cooking
6.93,1438.3,65.95,13.86,Cooking
6.8,62.85,68.8,20.99,Cooking
6.41,1496.84,12.04,22.76,Aquaculture
8.03,1031.39,93.85,16.47,Cooking
7.24,1251.28,18.12,17.91,Aquaculture
5.78,477.2,62.28,12.17,Cooking
6.27,70.76,22.27,17.58,Agriculture
7.89,1119.91,30.72,34.16,Cooking
5.77,1259.51,54.65,33.62,Cooking
8.48,1123.69,41.72,18.37,Cooking
7.23,257.13,16.02,24.27,Agriculture
7.18,1142.47,17.09,32.74,Aquaculture
7.57,1164.94,41.81,10.15,Cooking
8.39,1004.88,75.73,30.27,Cooking
6.72,1160.87,89.8,33.71,Cooking
7.87,1276.59,8.41,12.28,Aquaculture
7.48,939.73,39.31,14.04,Agriculture
6.43,178.48,10.02,34.02,Agriculture
8.58,757.06,1.66,23.44,Agriculture
8.29,162.59,66.17,10.35,Cooking
7.8,640.94,60.24,16.44,Cooking
8.48,640.3,16.3,21.25,Agriculture
8.54,145.71,23.38,27.32,Agriculture
7.98,555.79,2.37,28.33,Agriculture
8.43,210.95,83.49,34.89,Cooking
7.94,1221.94,97.47,17.19,Cooking
7.88,1424.15,13.55,23.46,Aquaculture
7.67,154.86,23.15,23.33,Agriculture
8.13,1434.92,86.84,20.14,Cooking
6.06,807.74,92.65,14.23,Cooking
8.58,484.37,41.96,34.44,Agriculture
8.55,161.45,5.06,31.33,Agriculture
5.6,775.91,3.94,22.46,Agriculture
8.39,1202.05,57.39,25.08,Cooking
5.95,1075.28,39.29,15.68,Cooking
6.67,122.83,2.87,23.59,Drinking
8.1,155.71,58.33,27.37,Cooking
6.06,634.17,1.13,22.88,Agriculture
8.36,478.17,78.74,34.76,Cooking
8.41,386.96,30.64,25.28,Agriculture
7.28,457.46,4.03,19.27,Drinking
5.52,1215.05,58.84,29.3,Cooking
6.5,1397.38,39.77,14.26,Cooking
7.66,637.4,97.38,19.61,Cooking
8.93,1363.86,54.42,18.67,Cooking
7.71,516.17,27.52,20.8,Agriculture
6.41,740.83,70.94,29.54,Cooking
7.72,377.74,27.15,22.1,Agriculture
7.39,978.69,90.42,29.85,Cooking
8.23,1469.52,37.47,24.41,Cooking
5.87,925.06,54.99,18.55,Cooking
8.16,568.83,5.06,30.25,Agriculture
7.39,989.34,42.61,15.96,Agriculture
8.87,228.23,83.24,15.61,Cooking
6.7,1338.56,80.56,22.61,Cooking
7.71,779.47,22.43,16.52,Agriculture
8.76,701.56,22.61,10.23,Agriculture
5.86,899.5,81.73,26.21,Cooking
8.78,955.94,93.04,22.78,Cooking
7.91,154.07,9.54,21.14,Agriculture
5.74,1039.79,45.01,34.17,Cooking
6.55,400.8,33.75,24.28,Agriculture
7.98,1085.23,87.07,31.59,Cooking
5.74,1242.68,8.35,13.49,Cooking
7.54,1215.74,21.11,24.23,Aquaculture
6.71,851.13,75.25,31.7,Cooking
7.67,804.25,5.13,24.58,Agriculture
5.66,257.17,49.25,27.95,Agriculture
8.55,1174.25,44.21,19.3,Cooking
8.91,443.54,33.44,12.31,Agriculture
8.89,770.21,39.46,21.45,Agriculture
8.12,462.2,52.99,19.86,Cooking
5.96,244.05,16.14,31.68,Agriculture
8.15,962.86,57.2,16.1,Cooking
5.59,128.78,80.54,34.17,Cooking
5.58,1135.54,76.02,33.95,Cooking
6.63,510.5,15.39,16.19,Agriculture
7.21,50.2,14.92,18.7,Agriculture
8.2,791.14,26.82,32.39,Agriculture
7.89,117.94,36.11,34.17,Agriculture
7.06,450.45,40.85,21.09,Agriculture
6.46,1075.12,67.97,18.02,Cooking
8.99,140.9,5.67,23.15,Agriculture
6.99,1267.04,3.47,27.19,Aquaculture
7.08,55.54,39.19,16.84,Agriculture
6.07,407.89,69.72,28.41,Cooking
8.28,1124.31,19.34,11.29,Aquaculture
7.93,508.59,64.15,11.23,Cooking
6.27,197.74,25.98,19.66,Agriculture
5.79,572.34,88.61,18.84,Cooking
7.88,442.07,89.57,17.89,Cooking
7.79,1271.93,29.73,22.28,Aquaculture
6.46,504.35,23.0,18.02,Agriculture
8.83,1193.95,41.13,14.81,Cooking
6.03,1343.21,24.05,17.74,Aquaculture
7.01,679.04,67.24,34.37,Cooking
8.8,1369.42,82.61,20.28,Cooking
6.97,597.11,67.31,21.12,Cooking
7.73,1447.91,82.44,24.41,Cooking
6.89,179.47,39.7,34.58,Agriculture
6.46,1046.18,15.63,16.04,Aquaculture
8.94,766.03,73.8,27.03,Cooking
6.93,612.09,36.05,27.9,Agriculture
8.63,967.43,67.13,25.18,Cooking
6.3,1070.59,27.06,12.21,Aquaculture
6.25,56.33,8.12,26.92,Agriculture
5.61,292.08,99.26,11.6,Cooking
7.78,1083.92,15.62,24.9,Aquaculture
6.79,1016.26,98.84,28.49,Cooking
8.53,1450.77,97.73,15.27,Cooking
7.16,1153.5,79.38,31.04,Cooking
8.89,1428.62,65.94,10.76,Cooking
6.15,1068.68,57.78,31.1,Cooking
8.54,482.18,86.61,21.51,Cooking
8.22,202.78,28.94,15.44,Agriculture
8.2,1183.64,46.77,13.34,Cooking
8.46,984.02,61.94,33.83,Cooking
8.16,119.87,41.12,11.82,Agriculture
7.69,572.07,42.75,14.98,Agriculture
5.96,1437.36,33.03,18.7,Cooking
5.61,775.58,56.42,25.51,Cooking
8.72,677.46,85.06,23.62,Cooking
7.66,713.66,20.15,13.14,Agriculture
8.29,352.88,93.44,17.24,Cooking
7.19,584.63,68.91,15.97,Cooking
5.91,586.23,82.33,15.34,Cooking
5.94,125.91,55.62,20.28,Cooking
7.9,1162.97,77.95,27.6,Cooking
7.01,653.93,1.62,15.44,Agriculture
6.2,1242.16,81.84,19.17,Cooking
7.22,1283.0,4.01,19.77,Aquaculture
5.72,357.39,88.99,34.41,Cooking
7.54,1003.16,99.2,33.87,Cooking
6.44,734.81,29.41,30.0,Agriculture
8.29,1326.23,21.03,16.04,Aquaculture
6.59,362.82,76.54,11.7,Cooking
7.09,1032.83,25.3,17.92,Aquaculture
5.54,931.24,86.56,16.67,Cooking
5.75,478.19,10.28,22.65,Agriculture
6.87,248.07,12.6,29.44,Agriculture
7.18,994.88,97.92,31.46,Cooking
7.6,1120.97,67.38,31.12,Cooking
6.52,507.66,84.69,18.99,Cooking
7.93,985.01,32.43,27.18,Agriculture
8.51,622.94,67.65,17.82,Cooking
8.23,1084.15,59.42,11.52,Cooking
5.64,338.86,60.32,27.54,Cooking
7.18,1340.81,68.25,10.25,Cooking
5.87,466.74,57.54,20.23,Cooking
6.35,583.29,42.91,18.23,Agriculture
8.95,134.23,27.59,27.33,Agriculture
6.0,211.69,76.86,29.16,Cooking
7.25,798.0,22.63,17.6,Agriculture
7.66,438.01,69.24,30.29,Cooking
7.96,1261.45,23.33,17.35,Aquaculture
7.46,71.31,62.53,21.16,Cooking
5.53,599.69,74.71,28.18,Cooking
6.64,539.15,21.87,27.32,Agriculture
7.31,78.03,5.99,34.68,Agriculture
5.81,230.33,13.1,15.63,Agriculture
6.73,649.78,60.6,26.56,Cooking
5.62,764.65,84.94,25.24,Cooking
5.78,636.22,4.5,32.88,Agriculture
6.89,819.86,73.42,13.91,Cooking
5.96,912.94,34.13,28.79,Agriculture
7.49,64.39,47.85,24.21,Agriculture
7.91,722.94,92.89,16.87,Cooking
8.3,1447.07,33.2,21.86,Cooking
6.2,802.6,46.53,18.34,Agriculture
6.09,1032.44,1.37,24.48,Aquaculture
5.87,502.2,8.16,32.23,Agriculture
7.73,1172.29,25.86,24.23,Aquaculture
7.97,1170.74,2.79,25.79,Aquaculture
5.61,805.88,63.14,22.97,Cooking
8.78,1465.22,42.64,11.28,Cooking
5.68,232.05,54.81,15.82,Cooking
7.39,74.57,17.46,22.3,Agriculture
7.98,1166.73,29.59,17.76,Aquaculture
8.55,1220.38,66.38,14.54,Cooking
8.0,224.3,96.53,22.6,Cooking
8.31,435.1,5.04,18.07,Agriculture
6.69,75.45,89.04,16.45,Cooking
8.35,475.3,57.69,21.6,Cooking
5.78,1171.06,56.39,13.33,Cooking
8.63,801.04,50.03,33.19,Cooking
7.42,554.74,6.94,31.69,Agriculture
8.36,589.02,8.99,27.69,Agriculture
7.08,51.96,60.09,12.66,Cooking
7.75,484.71,34.1,29.4,Agriculture
7.34,987.37,91.73,30.2,Cooking
8.06,1462.58,40.66,29.19,Cooking
5.79,1278.24,14.33,12.85,Cooking
5.71,84.21,71.47,26.1,Cooking
6.36,1352.91,29.34,30.86,Aquaculture
6.06,1185.64,52.55,24.43,Cooking
8.55,1181.55,69.78,26.16,Cooking
6.27,714.09,90.03,21.46,Cooking
8.92,627.11,79.22,23.22,Cooking
6.68,489.23,67.64,10.86,Cooking
6.14,145.26,67.96,25.97,Cooking
8.26,380.94,94.59,12.04,Cooking
7.81,407.58,29.58,20.88,Agriculture
7.24,751.91,0.11,17.32,Agriculture
7.44,1133.79,27.2,23.64,Aquaculture
8.02,737.02,21.79,13.34,Agriculture
6.3,133.87,66.18,27.29,Cooking
8.99,1438.8,63.37,29.88,Cooking
8.91,1416.95,59.35,14.08,Cooking
7.78,1188.52,1.62,12.61,Aquaculture
6.2,1487.43,72.88,13.64,Cooking
7.88,839.5,32.35,31.93,Agriculture
5.75,1446.01,66.51,23.2,Cooking
5.61,159.63,55.66,21.68,Cooking
6.4,580.24,34.27,12.67,Agriculture
7.12,376.8,13.46,26.24,Agriculture
8.54,333.96,9.44,31.7,Agriculture
8.05,254.16,83.15,30.7,Cooking
8.1,952.5,91.84,25.65,Cooking
6.99,1182.92,64.98,11.88,Cooking
6.71,888.53,10.34,12.81,Agriculture
6.8,263.1,40.2,11.23,Agriculture
8.96,1226.13,72.89,16.44,Cooking
5.64,972.13,77.98,13.39,Cooking
8.53,612.84,11.82,16.5,Agriculture
7.53,1027.49,0.0,19.63,Aquaculture
7.04,426.86,71.21,33.57,Cooking
8.04,550.53,35.66,25.26,Agriculture
7.2,1380.35,25.45,30.87,Aquaculture
8.56,471.23,1.29,27.76,Agriculture
8.65,731.48,54.03,12.81,Cooking
6.98,1340.7,85.12,28.4,Cooking
6.47,1076.2,95.76,16.88,Cooking
7.57,140.19,56.57,25.98,Cooking
8.69,263.59,51.45,18.52,Cooking
6.24,61.37,8.51,34.94,Agriculture
7.68,964.84,54.89,16.59,Cooking
7.71,699.13,38.0,16.98,Agriculture
8.07,244.7,60.71,33.27,Cooking
5.96,1439.0,38.87,10.62,Cooking
8.01,818.01,24.03,27.42,Agriculture
8.68,400.75,9.5,28.13,Agriculture
6.13,775.88,31.49,30.91,Agriculture
6.33,1035.45,9.66,34.36,Aquaculture
8.9,160.55,17.69,34.39,Agriculture
6.13,448.32,98.73,11.63,Cooking
8.49,1220.1,44.41,30.55,Cooking
7.22,716.51,53.19,26.16,Cooking
6.37,842.54,87.36,26.18,Cooking
8.55,677.58,99.56,13.21,Cooking
7.06,113.65,58.27,26.25,Cooking
7.3,290.34,81.25,34.56,Cooking
6.76,696.04,32.69,32.8,Agriculture
7.58,353.32,30.57,20.98,Agriculture
6.07,122.47,40.27,11.0,Agriculture
6.87,1273.29,67.25,19.06,Cooking
8.89,1472.73,68.22,30.66,Cooking
6.4,1200.06,31.52,27.54,Cooking
7.8,1287.99,13.32,21.48,Aquaculture
6.64,400.87,63.24,11.38,Cooking
8.21,1442.91,12.83,20.67,Aquaculture
5.96,335.54,57.85,21.73,Cooking
8.89,1429.57,69.34,33.21,Cooking
7.09,1492.49,70.06,26.03,Cooking
6.33,1082.0,75.35,17.79,Cooking
5.76,1472.66,87.29,23.13,Cooking
6.09,875.83,50.0,11.65,Cooking
7.32,426.34,73.02,34.31,Cooking
6.68,683.64,61.92,19.0,Cooking
8.4,910.66,18.66,21.95,Agriculture
7.01,155.97,2.57,18.88,Drinking
6.37,952.4,28.45,27.06,Agriculture
7.66,1472.71,44.3,26.56,Cooking
7.97,325.66,61.71,27.88,Cooking
